Prerequisite,Python for Everybody,Introduction to Computer Science and Programming using Python,How to Code - Simple Data,How to Code - Complex Data,"Programming Languages, Part A","Programming Languages, Part B","Programming Languages, Part C",Object-Oriented Design,Design Patterns,Software Architecture,Calculus 1A: Differentiation,Calculus 1B: Integration,Calculus 1C: Coordinate Systems & Infinite Series,Mathematics for Computer Science,The Missing Semester of Your CS Education,Build a Modern Computer from First Principles: From Nand to Tetris,Build a Modern Computer from First Principles: Nand to Tetris Part II,Operating Systems: Three Easy Pieces,Computer Networking: a Top-Down Approach,"Divide and Conquer, Sorting and Searching, and Randomized Algorithms","Graph Search, Shortest Paths, and Data Structures","Greedy Algorithms, Minimum Spanning Trees, and Dynamic Programming","Shortest Paths Revisited, NP-Complete Problems and What To Do About Them",Cybersecurity Fundamentals,Principles of Secure Coding,Identifying Security Vulnerabilities,Identifying Security Vulnerabilities in C/C++ Programming or Exploiting and Securing Vulnerabilities in Java Applications,Databases: Modeling and Theory,Databases: Relational Databases and SQL,Databases: Semistructured Data,Machine Learning,Computer Graphics,Software Engineering: Introduction,"Ethics, Technology and Engineering",Intellectual Property Law in Digital Age,Data Privacy Fundamentals,Parallel Programming,Compilers,Introduction to Haskell,Learn Prolog Now!,Software Debugging,Software Testing,Final Project,Intro CS,Intro CS,Core Programming,Core Programming,Core Programming,Core Programming,Core Programming,Core Programming,Core Programming,Core Programming,Core Math,Core Math,Core Math,Core Math,CS Tools,Core Systems,Core Systems,Core Systems,Core Systems,Core Theory,Core Theory,Core Theory,Core Theory,Core Security,Core Security,Core Security,Core Security,Core Applications,Core Applications,Core Applications,Core Applications,Core Applications,Core Applications,Core Ethics,Core Ethics,Core Ethics,Advanced Programming,Advanced Programming,Advanced Programming,Advanced Programming,Advanced Programming,Advanced Programming,Final Project
any programming language,0.44859492701487996,0.5952209854890542,0.44198247939974783,0.499089292817109,0.6602026513970543,0.6592501925811995,0.6444599297088864,0.40658110702273537,0.5244409134243078,0.6127269404863616,0.44311641986587863,0.40078722716787646,0.6171991990157334,0.7474159436634097,0.6090132620134445,0.6231235234422486,0.7331981574294882,0.6370922978743893,0.5691554357144779,0.3857513580980976,0.5194874654656672,0.6265875232188369,0.42155835607267805,0.6373376547302063,0.626356836862558,0.6136315517073914,0.6236153113745736,0.5461915400921542,0.5519241043241054,0.5072349294157805,0.6107620940233237,0.5403015298429825,0.6508979708427863,0.47066220805250203,0.6664820110079223,0.6075270918716417,0.5544541989652584,0.2539572659274053,0.4323192901302468,0.13385451428739903,0.6310107278483889,0.6389232792729352,0.5974920961700144,0.4591409021725796,0.4591409021725796,0.607553996644129,0.607553996644129,0.607553996644129,0.607553996644129,0.607553996644129,0.607553996644129,0.607553996644129,0.607553996644129,0.6180332199011274,0.6180332199011274,0.6180332199011274,0.6180332199011274,0.4981755479154696,0.5331801989531354,0.5331801989531354,0.5331801989531354,0.5331801989531354,0.5781560556355411,0.5781560556355411,0.5781560556355411,0.5781560556355411,0.6292951808855468,0.6292951808855468,0.6292951808855468,0.6292951808855468,0.6025967859206383,0.6025967859206383,0.6025967859206383,0.6025967859206383,0.6025967859206383,0.6025967859206383,0.5193699637434585,0.5193699637434585,0.5193699637434585,0.5521261431228236,0.5521261431228236,0.5521261431228236,0.5521261431228236,0.5521261431228236,0.5521261431228236,0.5974920961700144
 Mathematics for Computer Science,0.44859492701487996,0.5952209854890542,0.44198247939974783,0.499089292817109,0.6602026513970543,0.6592501925811995,0.6444599297088864,0.40658110702273537,0.5244409134243078,0.6127269404863616,0.44311641986587863,0.40078722716787646,0.6171991990157334,0.7474159436634097,0.6090132620134445,0.6231235234422486,0.7331981574294882,0.6370922978743893,0.5691554357144779,0.3857513580980976,0.5194874654656672,0.6265875232188369,0.42155835607267805,0.6373376547302063,0.626356836862558,0.6136315517073914,0.6236153113745736,0.5461915400921542,0.5519241043241054,0.5072349294157805,0.6107620940233237,0.5403015298429825,0.6508979708427863,0.47066220805250203,0.6664820110079223,0.6075270918716417,0.5544541989652584,0.2539572659274053,0.4323192901302468,0.13385451428739903,0.6310107278483889,0.6389232792729352,0.5974920961700144,0.4591409021725796,0.4591409021725796,0.607553996644129,0.607553996644129,0.607553996644129,0.607553996644129,0.607553996644129,0.607553996644129,0.607553996644129,0.607553996644129,0.6180332199011274,0.6180332199011274,0.6180332199011274,0.6180332199011274,0.4981755479154696,0.5331801989531354,0.5331801989531354,0.5331801989531354,0.5331801989531354,0.5781560556355411,0.5781560556355411,0.5781560556355411,0.5781560556355411,0.6292951808855468,0.6292951808855468,0.6292951808855468,0.6292951808855468,0.6025967859206383,0.6025967859206383,0.6025967859206383,0.6025967859206383,0.6025967859206383,0.6025967859206383,0.5193699637434585,0.5193699637434585,0.5193699637434585,0.5521261431228236,0.5521261431228236,0.5521261431228236,0.5521261431228236,0.5521261431228236,0.5521261431228236,0.5974920961700144
C++,0.28155477406125695,0.2123751269448434,0.3191608864222824,0.2841439014833142,0.5074780553581767,0.47826621522938967,0.528525752025812,0.07403070415201198,0.29398062313728407,0.3564740283911361,0.4996146069248861,0.37777490426008015,0.44433026177762347,0.24704022270293247,0.20851281769106877,0.35202154339611524,0.3404047781223692,0.44295931733639515,0.3789787054505943,0.3787512270262739,0.46517059231927377,0.5102325031183508,0.2921931000978324,0.22659157736301508,0.2673672061913198,0.17892375169597863,0.2509025421900364,0.4948057123210684,0.6452745199732332,0.6225186233223752,0.23906254238480557,0.2878422171726353,0.48524494344953056,0.3052858597660194,0.33847572065411624,0.27642620065875984,0.21446450076711482,0.38313388500595685,0.2167351896477792,0.2276435635836063,0.17089373326355659,0.2528635470932538,0.34175189490755614,0.40505741577930693,0.40505741577930693,0.22553268302949828,0.22553268302949828,0.22553268302949828,0.22553268302949828,0.22553268302949828,0.22553268302949828,0.22553268302949828,0.22553268302949828,0.31121033245900964,0.31121033245900964,0.31121033245900964,0.31121033245900964,0.38522220535859164,0.2916219661513206,0.2916219661513206,0.2916219661513206,0.2916219661513206,0.2079219898231627,0.2079219898231627,0.2079219898231627,0.2079219898231627,0.278704004329614,0.278704004329614,0.278704004329614,0.278704004329614,0.2548351748678027,0.2548351748678027,0.2548351748678027,0.2548351748678027,0.2548351748678027,0.2548351748678027,0.3687291234962715,0.3687291234962715,0.3687291234962715,0.18909723858583272,0.18909723858583272,0.18909723858583272,0.18909723858583272,0.18909723858583272,0.18909723858583272,0.34175189490755614
 Java,0.28155477406125695,0.2123751269448434,0.3191608864222824,0.2841439014833142,0.5074780553581767,0.47826621522938967,0.528525752025812,0.07403070415201198,0.29398062313728407,0.3564740283911361,0.4996146069248861,0.37777490426008015,0.44433026177762347,0.24704022270293247,0.20851281769106877,0.35202154339611524,0.3404047781223692,0.44295931733639515,0.3789787054505943,0.3787512270262739,0.46517059231927377,0.5102325031183508,0.2921931000978324,0.22659157736301508,0.2673672061913198,0.17892375169597863,0.2509025421900364,0.4948057123210684,0.6452745199732332,0.6225186233223752,0.23906254238480557,0.2878422171726353,0.48524494344953056,0.3052858597660194,0.33847572065411624,0.27642620065875984,0.21446450076711482,0.38313388500595685,0.2167351896477792,0.2276435635836063,0.17089373326355659,0.2528635470932538,0.34175189490755614,0.40505741577930693,0.40505741577930693,0.22553268302949828,0.22553268302949828,0.22553268302949828,0.22553268302949828,0.22553268302949828,0.22553268302949828,0.22553268302949828,0.22553268302949828,0.31121033245900964,0.31121033245900964,0.31121033245900964,0.31121033245900964,0.38522220535859164,0.2916219661513206,0.2916219661513206,0.2916219661513206,0.2916219661513206,0.2079219898231627,0.2079219898231627,0.2079219898231627,0.2079219898231627,0.278704004329614,0.278704004329614,0.278704004329614,0.278704004329614,0.2548351748678027,0.2548351748678027,0.2548351748678027,0.2548351748678027,0.2548351748678027,0.2548351748678027,0.3687291234962715,0.3687291234962715,0.3687291234962715,0.18909723858583272,0.18909723858583272,0.18909723858583272,0.18909723858583272,0.18909723858583272,0.18909723858583272,0.34175189490755614
 linear algebra,0.28155477406125695,0.2123751269448434,0.3191608864222824,0.2841439014833142,0.5074780553581767,0.47826621522938967,0.528525752025812,0.07403070415201198,0.29398062313728407,0.3564740283911361,0.4996146069248861,0.37777490426008015,0.44433026177762347,0.24704022270293247,0.20851281769106877,0.35202154339611524,0.3404047781223692,0.44295931733639515,0.3789787054505943,0.3787512270262739,0.46517059231927377,0.5102325031183508,0.2921931000978324,0.22659157736301508,0.2673672061913198,0.17892375169597863,0.2509025421900364,0.4948057123210684,0.6452745199732332,0.6225186233223752,0.23906254238480557,0.2878422171726353,0.48524494344953056,0.3052858597660194,0.33847572065411624,0.27642620065875984,0.21446450076711482,0.38313388500595685,0.2167351896477792,0.2276435635836063,0.17089373326355659,0.2528635470932538,0.34175189490755614,0.40505741577930693,0.40505741577930693,0.22553268302949828,0.22553268302949828,0.22553268302949828,0.22553268302949828,0.22553268302949828,0.22553268302949828,0.22553268302949828,0.22553268302949828,0.31121033245900964,0.31121033245900964,0.31121033245900964,0.31121033245900964,0.38522220535859164,0.2916219661513206,0.2916219661513206,0.2916219661513206,0.2916219661513206,0.2079219898231627,0.2079219898231627,0.2079219898231627,0.2079219898231627,0.278704004329614,0.278704004329614,0.278704004329614,0.278704004329614,0.2548351748678027,0.2548351748678027,0.2548351748678027,0.2548351748678027,0.2548351748678027,0.2548351748678027,0.3687291234962715,0.3687291234962715,0.3687291234962715,0.18909723858583272,0.18909723858583272,0.18909723858583272,0.18909723858583272,0.18909723858583272,0.18909723858583272,0.34175189490755614
Core Programming,0.2576386015959933,0.266950579096768,0.3867971027670072,0.39583289998325366,0.6210103872130142,0.6177098943551211,0.6202464396580573,0.40195725718643194,0.5331861292074039,0.5484589518835057,0.5902075187121186,0.5806456664018896,0.5067149489022802,0.3240722010060305,0.46667133309505904,0.37119750397944684,0.45274959251293084,0.6175417427375314,0.666441826991533,0.2845791628272124,0.5117257369368207,0.598167146324499,0.3857750288319933,0.5752393704286655,0.4332185079168027,0.4294244019393183,0.30495929303878244,0.43795142003698545,0.4241048126272857,0.5608155275039333,0.6427052672966983,0.5369858182845825,0.621168652388911,0.23575947312778886,0.4420723903274213,0.44738742898935846,0.6009595835786823,0.304200138893001,0.2714443612431156,0.0503902570401184,0.6112588965890985,0.5695000219182067,0.6042405077844687,0.40312044992119456,0.40312044992119456,0.6382375662620025,0.6382375662620025,0.6382375662620025,0.6382375662620025,0.6382375662620025,0.6382375662620025,0.6382375662620025,0.6382375662620025,0.6037665364595441,0.6037665364595441,0.6037665364595441,0.6037665364595441,0.47396954529617596,0.48805464851743535,0.48805464851743535,0.48805464851743535,0.48805464851743535,0.5387085117782081,0.5387085117782081,0.5387085117782081,0.5387085117782081,0.591673703310765,0.591673703310765,0.591673703310765,0.591673703310765,0.5365067109313022,0.5365067109313022,0.5365067109313022,0.5365067109313022,0.5365067109313022,0.5365067109313022,0.4796755933353634,0.4796755933353634,0.4796755933353634,0.5967681931064487,0.5967681931064487,0.5967681931064487,0.5967681931064487,0.5967681931064487,0.5967681931064487,0.6042405077844687
 a sizable project,0.2576386015959933,0.266950579096768,0.3867971027670072,0.39583289998325366,0.6210103872130142,0.6177098943551211,0.6202464396580573,0.40195725718643194,0.5331861292074039,0.5484589518835057,0.5902075187121186,0.5806456664018896,0.5067149489022802,0.3240722010060305,0.46667133309505904,0.37119750397944684,0.45274959251293084,0.6175417427375314,0.666441826991533,0.2845791628272124,0.5117257369368207,0.598167146324499,0.3857750288319933,0.5752393704286655,0.4332185079168027,0.4294244019393183,0.30495929303878244,0.43795142003698545,0.4241048126272857,0.5608155275039333,0.6427052672966983,0.5369858182845825,0.621168652388911,0.23575947312778886,0.4420723903274213,0.44738742898935846,0.6009595835786823,0.304200138893001,0.2714443612431156,0.0503902570401184,0.6112588965890985,0.5695000219182067,0.6042405077844687,0.40312044992119456,0.40312044992119456,0.6382375662620025,0.6382375662620025,0.6382375662620025,0.6382375662620025,0.6382375662620025,0.6382375662620025,0.6382375662620025,0.6382375662620025,0.6037665364595441,0.6037665364595441,0.6037665364595441,0.6037665364595441,0.47396954529617596,0.48805464851743535,0.48805464851743535,0.48805464851743535,0.48805464851743535,0.5387085117782081,0.5387085117782081,0.5387085117782081,0.5387085117782081,0.591673703310765,0.591673703310765,0.591673703310765,0.591673703310765,0.5365067109313022,0.5365067109313022,0.5365067109313022,0.5365067109313022,0.5365067109313022,0.5365067109313022,0.4796755933353634,0.4796755933353634,0.4796755933353634,0.5967681931064487,0.5967681931064487,0.5967681931064487,0.5967681931064487,0.5967681931064487,0.5967681931064487,0.6042405077844687
"Programming Languages, Part B",0.1784147821353356,0.4573813740087975,0.5348674816259851,0.5727219230564652,0.9717064951718981,1.0,0.9592080212691799,0.3665868146824456,0.6097505318097257,0.6224491959215629,0.2863304102101682,0.2506375231546372,0.6533893917016562,0.544171524923935,0.5013376596174182,0.5242832954458895,0.6376726415281986,0.6933271597245064,0.6154391761629069,0.46877106820096387,0.7717087773129138,0.7801632861065317,0.5973878700840962,0.6461481262157794,0.5453954270978079,0.5578294456622761,0.6211720893757458,0.45084955390675047,0.626889245223643,0.574011102474707,0.6136844224996612,0.6333970229250284,0.5592336236268048,0.5590916819407387,0.648096518314544,0.7363350075475218,0.5081341155658234,0.30038374326444667,0.22991376984378994,0.14604517446537743,0.5093618617026396,0.5666243602179186,0.5239934752647614,0.49531290318473675,0.49531290318473675,0.5774231006358849,0.5774231006358849,0.5774231006358849,0.5774231006358849,0.5774231006358849,0.5774231006358849,0.5774231006358849,0.5774231006358849,0.6123582392306026,0.6123582392306026,0.6123582392306026,0.6123582392306026,0.6130531043649117,0.6459552435353437,0.6459552435353437,0.6459552435353437,0.6459552435353437,0.47404376140034804,0.47404376140034804,0.47404376140034804,0.47404376140034804,0.5823697065318595,0.5823697065318595,0.5823697065318595,0.5823697065318595,0.6628976245299497,0.6628976245299497,0.6628976245299497,0.6628976245299497,0.6628976245299497,0.6628976245299497,0.6256313408473715,0.6256313408473715,0.6256313408473715,0.5430908135675216,0.5430908135675216,0.5430908135675216,0.5430908135675216,0.5430908135675216,0.5430908135675216,0.5239934752647614
-,-0.01659493678645458,-0.16561825367739175,0.10492672765487929,0.10534118703524797,0.07600295052358882,0.02462292350871812,0.07396571227300006,0.15984718765455397,-0.026023138756693247,-0.014115639957282294,0.19032228760998787,0.1722125847886976,0.0186373913285077,-0.09761580765842452,-0.14182630307941246,-0.08750026223366998,-0.06302007204875304,0.008692268014735377,0.2286490877534739,-0.07170839975515302,0.040055922315898655,-0.0713542925999073,0.04243492043568726,-0.10149629295391112,-0.18963657980082815,-0.15157425552165724,-0.1470674242813513,0.013719385548745149,-0.07982227610685258,0.08589934602393486,-0.01609678553364129,0.0203129036483128,0.1282414257907061,-0.1265241354507807,-0.08769782802505328,-0.08196456404521495,-0.0775743490906189,-0.002085479089407859,-0.0017653036274895473,0.21163876169227086,-0.06933801546441087,-0.07903183578258359,-0.053804263635584,-0.02124225497851197,-0.02124225497851197,-0.02565032092453527,-0.02565032092453527,-0.02565032092453527,-0.02565032092453527,-0.02565032092453527,-0.02565032092453527,-0.02565032092453527,-0.02565032092453527,-0.029771466224079647,-0.029771466224079647,-0.029771466224079647,-0.029771466224079647,-0.023236364217868535,-0.019329137420497185,-0.019329137420497185,-0.019329137420497185,-0.019329137420497185,-0.020307134822906407,-0.020307134822906407,-0.020307134822906407,-0.020307134822906407,0.013675556073314681,0.013675556073314681,0.013675556073314681,0.013675556073314681,0.012270294482718441,0.012270294482718441,0.012270294482718441,0.012270294482718441,0.012270294482718441,0.012270294482718441,0.004198640120698816,0.004198640120698816,0.004198640120698816,-0.10284194992420104,-0.10284194992420104,-0.10284194992420104,-0.10284194992420104,-0.10284194992420104,-0.10284194992420104,-0.053804263635584
Python,0.3479126517754775,0.3177429323329778,0.32537008376996135,0.32744222795474837,0.4810836477519618,0.48461623980277724,0.5287027806596397,0.2798804045631199,0.43423633999240585,0.5276487759709623,0.5624594955274421,0.5395280603598356,0.39528922206301514,0.38202626280441526,0.26107261844257845,0.2554369368726102,0.31450243930113064,0.5183159496247893,0.4751205415768178,0.35272021600742526,0.4124942764116998,0.5155322460199381,0.22229635005083068,0.5034642179928024,0.319740012639416,0.3798558238204528,0.24894169218318005,0.59851060938641,0.425377713319518,0.6213206207255993,0.5323323392482121,0.44290758396421154,0.6735103421734614,0.2773821524958636,0.34379767918193926,0.3397350886223751,0.4744321796935505,0.35167023209212966,0.3342370077381211,0.1567259291132237,0.570297637901,0.5523135954509432,0.5010687733785719,0.4086352255094139,0.4086352255094139,0.5323044876996125,0.5323044876996125,0.5323044876996125,0.5323044876996125,0.5323044876996125,0.5323044876996125,0.5323044876996125,0.5323044876996125,0.5287232044183087,0.5287232044183087,0.5287232044183087,0.5287232044183087,0.41907654760727137,0.34783048625242885,0.34783048625242885,0.34783048625242885,0.34783048625242885,0.49389600486549917,0.49389600486549917,0.49389600486549917,0.49389600486549917,0.5187782920190572,0.5187782920190572,0.5187782920190572,0.5187782920190572,0.42464801348558573,0.42464801348558573,0.42464801348558573,0.42464801348558573,0.42464801348558573,0.42464801348558573,0.42242787189221737,0.42242787189221737,0.42242787189221737,0.4333548025928775,0.4333548025928775,0.4333548025928775,0.4333548025928775,0.4333548025928775,0.4333548025928775,0.5010687733785719
 programming experience,0.3479126517754775,0.3177429323329778,0.32537008376996135,0.32744222795474837,0.4810836477519618,0.48461623980277724,0.5287027806596397,0.2798804045631199,0.43423633999240585,0.5276487759709623,0.5624594955274421,0.5395280603598356,0.39528922206301514,0.38202626280441526,0.26107261844257845,0.2554369368726102,0.31450243930113064,0.5183159496247893,0.4751205415768178,0.35272021600742526,0.4124942764116998,0.5155322460199381,0.22229635005083068,0.5034642179928024,0.319740012639416,0.3798558238204528,0.24894169218318005,0.59851060938641,0.425377713319518,0.6213206207255993,0.5323323392482121,0.44290758396421154,0.6735103421734614,0.2773821524958636,0.34379767918193926,0.3397350886223751,0.4744321796935505,0.35167023209212966,0.3342370077381211,0.1567259291132237,0.570297637901,0.5523135954509432,0.5010687733785719,0.4086352255094139,0.4086352255094139,0.5323044876996125,0.5323044876996125,0.5323044876996125,0.5323044876996125,0.5323044876996125,0.5323044876996125,0.5323044876996125,0.5323044876996125,0.5287232044183087,0.5287232044183087,0.5287232044183087,0.5287232044183087,0.41907654760727137,0.34783048625242885,0.34783048625242885,0.34783048625242885,0.34783048625242885,0.49389600486549917,0.49389600486549917,0.49389600486549917,0.49389600486549917,0.5187782920190572,0.5187782920190572,0.5187782920190572,0.5187782920190572,0.42464801348558573,0.42464801348558573,0.42464801348558573,0.42464801348558573,0.42464801348558573,0.42464801348558573,0.42242787189221737,0.42242787189221737,0.42242787189221737,0.4333548025928775,0.4333548025928775,0.4333548025928775,0.4333548025928775,0.4333548025928775,0.4333548025928775,0.5010687733785719
one of these programming languages,0.596806499358227,0.6718578242785856,0.45032001669125826,0.4563635137714707,0.516684235696964,0.488571605282477,0.4806867484802635,0.22267894605846902,0.43947675725054114,0.473122702569768,0.432284104247205,0.3735350599910928,0.559172627584452,0.6742384936307259,0.6176165284050235,0.7641808740172742,0.7513024867918843,0.5032839926668189,0.4521572855470212,0.3174342629423025,0.4087665980429173,0.509014395206325,0.44437216269432367,0.5115489949791882,0.6740181775929289,0.4801517802244899,0.6178782291582059,0.3960636602549528,0.5227248136122578,0.33456403744695484,0.48428915915706683,0.43881695355372713,0.47106615760595244,0.41913120921572206,0.6293962717349358,0.5105181383332386,0.46253493675161694,0.3413054841706213,0.5785160099095898,0.12952209405556042,0.4493016849375153,0.46277830759367306,0.5077345584288138,0.4568920965225264,0.4568920965225264,0.5437914001369123,0.5437914001369123,0.5437914001369123,0.5437914001369123,0.5437914001369123,0.5437914001369123,0.5437914001369123,0.5437914001369123,0.5259589134523753,0.5259589134523753,0.5259589134523753,0.5259589134523753,0.5140234531374142,0.47442859052832614,0.47442859052832614,0.47442859052832614,0.47442859052832614,0.4985820743106694,0.4985820743106694,0.4985820743106694,0.4985820743106694,0.5153825383138275,0.5153825383138275,0.5153825383138275,0.5153825383138275,0.4799912498635266,0.4799912498635266,0.4799912498635266,0.4799912498635266,0.4799912498635266,0.4799912498635266,0.49989916808580875,0.49989916808580875,0.49989916808580875,0.4374907587202099,0.4374907587202099,0.4374907587202099,0.4374907587202099,0.4374907587202099,0.4374907587202099,0.5077345584288138
 From Nand to Tetris Part I,0.596806499358227,0.6718578242785856,0.45032001669125826,0.4563635137714707,0.516684235696964,0.488571605282477,0.4806867484802635,0.22267894605846902,0.43947675725054114,0.473122702569768,0.432284104247205,0.3735350599910928,0.559172627584452,0.6742384936307259,0.6176165284050235,0.7641808740172742,0.7513024867918843,0.5032839926668189,0.4521572855470212,0.3174342629423025,0.4087665980429173,0.509014395206325,0.44437216269432367,0.5115489949791882,0.6740181775929289,0.4801517802244899,0.6178782291582059,0.3960636602549528,0.5227248136122578,0.33456403744695484,0.48428915915706683,0.43881695355372713,0.47106615760595244,0.41913120921572206,0.6293962717349358,0.5105181383332386,0.46253493675161694,0.3413054841706213,0.5785160099095898,0.12952209405556042,0.4493016849375153,0.46277830759367306,0.5077345584288138,0.4568920965225264,0.4568920965225264,0.5437914001369123,0.5437914001369123,0.5437914001369123,0.5437914001369123,0.5437914001369123,0.5437914001369123,0.5437914001369123,0.5437914001369123,0.5259589134523753,0.5259589134523753,0.5259589134523753,0.5259589134523753,0.5140234531374142,0.47442859052832614,0.47442859052832614,0.47442859052832614,0.47442859052832614,0.4985820743106694,0.4985820743106694,0.4985820743106694,0.4985820743106694,0.5153825383138275,0.5153825383138275,0.5153825383138275,0.5153825383138275,0.4799912498635266,0.4799912498635266,0.4799912498635266,0.4799912498635266,0.4799912498635266,0.4799912498635266,0.49989916808580875,0.49989916808580875,0.49989916808580875,0.4374907587202099,0.4374907587202099,0.4374907587202099,0.4374907587202099,0.4374907587202099,0.4374907587202099,0.5077345584288138
"algorithms, familiarity with C is useful",0.5584053207646872,0.4264778275946153,0.10969149740314729,0.10201809767818157,0.3457459887457623,0.3371639981102139,0.3646904384885467,0.12745813165160388,0.22194768226972494,0.2226766078963465,0.19677798340123376,0.09534881395151994,0.23668541497640783,0.41626616234436337,0.2346161443609983,0.49458387952690236,0.39915018108353745,0.22236505880925214,0.2707141291775374,0.417992408641619,0.3015768783335056,0.42692343043682623,0.30903639557967033,0.18100683635279446,0.47206978157007173,0.27018211084569627,0.37125774015637114,0.4127980165052767,0.35870531655589827,0.24597026905388053,0.11813392731387841,0.11995076875871839,0.26039294504324517,0.38977938591713307,0.31014705176789575,0.1957378834315964,0.24180176019575986,0.2705516086851162,0.31454067120101825,0.03984767561727478,0.16325850952298873,0.20281175683298305,0.3037390571897243,0.14562885575453757,0.14562885575453757,0.17011700514597924,0.17011700514597924,0.17011700514597924,0.17011700514597924,0.17011700514597924,0.17011700514597924,0.17011700514597924,0.17011700514597924,0.19952462754135078,0.19952462754135078,0.19952462754135078,0.19952462754135078,0.22316742426362027,0.12388553025163589,0.12388553025163589,0.12388553025163589,0.12388553025163589,0.1867047238889914,0.1867047238889914,0.1867047238889914,0.1867047238889914,0.19321187048928645,0.19321187048928645,0.19321187048928645,0.19321187048928645,0.15563913875607008,0.15563913875607008,0.15563913875607008,0.15563913875607008,0.15563913875607008,0.15563913875607008,0.1768117518624005,0.1768117518624005,0.1768117518624005,0.207139086422335,0.207139086422335,0.207139086422335,0.207139086422335,0.207139086422335,0.207139086422335,0.3037390571897243
"Graph Search, Shortest Paths, and Data Structures",0.19975805495140625,0.43943145743885365,0.40515348673432944,0.4475123757130989,0.7462271289805343,0.7717087773129138,0.7315806652338946,0.26048269350105435,0.5399568209164599,0.5112493555553947,0.17840251988219089,0.13138353981710094,0.6776442519310315,0.46695341329028817,0.35733580488584354,0.47016766368563495,0.5277332772605057,0.6346147229906973,0.42201457269873266,0.6591327723317147,1.0,0.8237301457066553,0.48250275750820193,0.5436974614237899,0.4347354963916285,0.45457967440404007,0.5930987648138407,0.403585424258735,0.6187228035363137,0.43996182722003846,0.4822097567144079,0.5610904519034215,0.45264614238996975,0.6262478227801008,0.5758821395968527,0.6315008976444056,0.4046367041267163,0.27407655636498235,0.1512564011751644,0.1688507390561754,0.3756713219380268,0.4274904841332277,0.42039613382060204,0.4580616567882452,0.4580616567882452,0.4468729092898598,0.4468729092898598,0.4468729092898598,0.4468729092898598,0.4468729092898598,0.4468729092898598,0.4468729092898598,0.4468729092898598,0.4742319435648978,0.4742319435648978,0.4742319435648978,0.4742319435648978,0.5454032486656836,0.5791837362137435,0.5791837362137435,0.5791837362137435,0.5791837362137435,0.4090556237892371,0.4090556237892371,0.4090556237892371,0.4090556237892371,0.41594435281887404,0.41594435281887404,0.41594435281887404,0.41594435281887404,0.5112372216100612,0.5112372216100612,0.5112372216100612,0.5112372216100612,0.5112372216100612,0.5112372216100612,0.5442764182039305,0.5442764182039305,0.5442764182039305,0.43730040048743607,0.43730040048743607,0.43730040048743607,0.43730040048743607,0.43730040048743607,0.43730040048743607,0.42039613382060204
Object-Oriented Design,0.18090278390586084,0.28255464361279253,0.5391562348053571,0.5627317942432757,0.3207711971789791,0.3665868146824456,0.315624940898843,1.0,0.4286482568505942,0.3935985166105659,0.131450451917276,0.1592745629249276,0.32352340050130307,0.35359908229759385,0.3629970824880777,0.24329949414523894,0.3273780100213548,0.38718859975663245,0.6091029007613958,0.12152260064777495,0.26048269350105435,0.3805087500874036,0.45176701990480633,0.4037379916698466,0.3444771829806919,0.46142553674075176,0.4107636519325687,0.2604197203527938,0.12309201952024176,0.3054296181139389,0.41262498554650207,0.36338860883689267,0.3228097415537077,0.29746011432846786,0.37515086360848515,0.40475805849372215,0.5026723010648483,0.06461947793652988,0.16038348313612272,0.11350780316163751,0.4466143076204487,0.4099499473482356,0.4057027463699878,0.10754160202093911,0.10754160202093911,0.4551480209692078,0.4551480209692078,0.4551480209692078,0.4551480209692078,0.4551480209692078,0.4551480209692078,0.4551480209692078,0.4551480209692078,0.3876511993251051,0.3876511993251051,0.3876511993251051,0.3876511993251051,0.2086983439479519,0.3276040689383465,0.3276040689383465,0.3276040689383465,0.3276040689383465,0.3673714721355853,0.3673714721355853,0.3673714721355853,0.3673714721355853,0.3868959056893207,0.3868959056893207,0.3868959056893207,0.3868959056893207,0.3839499756855337,0.3839499756855337,0.3839499756855337,0.3839499756855337,0.3839499756855337,0.3839499756855337,0.30516960145345007,0.30516960145345007,0.30516960145345007,0.5755033024419342,0.5755033024419342,0.5755033024419342,0.5755033024419342,0.5755033024419342,0.5755033024419342,0.4057027463699878
none,0.37115475173697776,0.17456248977890335,-0.010170914901870758,-0.0007263725036581844,0.0846157490722688,0.03510488924517745,0.12942752718708583,0.11495023650084561,0.10771121540814592,0.2706821066034193,0.30221185917332827,0.2673839690456367,0.13818178822544708,0.1390120472063857,0.07342162638989204,0.038517538865333684,0.019430046717779186,0.04125097849599028,0.19832538723328774,0.09227524634503534,0.05307655933113733,0.03514338256805039,0.013578741730539745,0.10977957221721014,0.08567802228197455,0.08988747848484643,0.024306821018162825,0.22090049593996097,0.04495954468593045,0.15354324997466,0.25167023938413624,0.057514964040538546,0.34823285366931966,0.008983363695571511,0.06164655198478028,-0.005781945530031629,0.25124255631828146,0.24467692490148263,0.28884723001299467,0.1683100431729832,0.3719556720693111,0.2993177402465357,0.16385786455582543,0.201691606542643,0.201691606542643,0.31303003450272887,0.31303003450272887,0.31303003450272887,0.31303003450272887,0.31303003450272887,0.31303003450272887,0.31303003450272887,0.31303003450272887,0.28663304055389305,0.28663304055389305,0.28663304055389305,0.28663304055389305,0.06707524135081472,0.07276515659947479,0.07276515659947479,0.07276515659947479,0.07276515659947479,0.3162754361551647,0.3162754361551647,0.3162754361551647,0.3162754361551647,0.23435720844022245,0.23435720844022245,0.23435720844022245,0.23435720844022245,0.09269825680812782,0.09269825680812782,0.09269825680812782,0.09269825680812782,0.09269825680812782,0.09269825680812782,0.10256626667997144,0.10256626667997144,0.10256626667997144,0.14127480308085527,0.14127480308085527,0.14127480308085527,0.14127480308085527,0.14127480308085527,0.14127480308085527,0.16385786455582543
Basic Java,0.3673133594742584,0.3196644364510174,0.430783751753257,0.44158401170784867,0.469215849836521,0.4595444423782307,0.48763544873033676,0.35741547824816416,0.5543880598985486,0.6438434893759337,0.49804820533055544,0.46576553596103537,0.5383013348197644,0.4273733627082503,0.5391761662992987,0.44756552521194987,0.5099685579856331,0.49177558183629105,0.4844946501055137,0.13754818144973607,0.3885660842321005,0.5294321090081066,0.38337244585907776,0.6377637805659943,0.49531885158766015,0.4538889626803231,0.35674661838573296,0.2473441397987234,0.3773295952716717,0.48766576502609676,0.6211845294141064,0.6586354794090804,0.4222381051460408,0.1377458060423038,0.619688681261088,0.5478229889463501,0.6330957165464125,0.45163729088905236,0.37579941401083145,0.29087180884642144,0.5538306149243161,0.5790501297797098,0.7116215301092853,0.5652783525261252,0.5652783525261252,0.646643493523371,0.646643493523371,0.646643493523371,0.646643493523371,0.646643493523371,0.646643493523371,0.646643493523371,0.646643493523371,0.6450700724356336,0.6450700724356336,0.6450700724356336,0.6450700724356336,0.6478877804284173,0.5825808998102805,0.5825808998102805,0.5825808998102805,0.5825808998102805,0.5905485550189732,0.5905485550189732,0.5905485550189732,0.5905485550189732,0.6628876572782402,0.6628876572782402,0.6628876572782402,0.6628876572782402,0.5659408891489895,0.5659408891489895,0.5659408891489895,0.5659408891489895,0.5659408891489895,0.5659408891489895,0.656814889129313,0.656814889129313,0.656814889129313,0.7199766825161781,0.7199766825161781,0.7199766825161781,0.7199766825161781,0.7199766825161781,0.7199766825161781,0.7116215301092853
Scala programming,0.3186560274228382,0.39346183139825824,0.39038734429325944,0.39608276280600124,0.405917514799745,0.37218684119244233,0.4540196055713757,0.3496995960969998,0.5350864507482415,0.6281428648712591,0.514948168683334,0.5199469028132602,0.4469740005039083,0.3804449447675151,0.4346832191549341,0.2744100299145895,0.39670255047298175,0.3668846723722917,0.4048616284666742,0.0825481144163455,0.27343432647298366,0.32491536307022184,0.21665102214080095,0.491817832401266,0.45282163479135307,0.36963099572978086,0.24640940786317714,0.2232711372135061,0.1945076685221779,0.4170769138350744,0.7462123169940883,0.4899341069882973,0.5247737549523259,0.07612067421946754,0.4643760666233961,0.38090166839883677,0.6591165723694571,0.352988027859134,0.47515772076597945,0.25364583641906147,0.7254182330829506,0.6432573166749878,0.620746539411217,0.5627051891160946,0.5627051891160946,0.7593667336641986,0.7593667336641986,0.7593667336641986,0.7593667336641986,0.7593667336641986,0.7593667336641986,0.7593667336641986,0.7593667336641986,0.6667628684149512,0.6667628684149512,0.6667628684149512,0.6667628684149512,0.4721034784272901,0.4264514718230825,0.4264514718230825,0.4264514718230825,0.4264514718230825,0.6265514465371096,0.6265514465371096,0.6265514465371096,0.6265514465371096,0.6442481285081155,0.6442481285081155,0.6442481285081155,0.6442481285081155,0.4595558622536466,0.4595558622536466,0.4595558622536466,0.4595558622536466,0.4595558622536466,0.4595558622536466,0.4491675758496896,0.4491675758496896,0.4491675758496896,0.630368983209216,0.630368983209216,0.630368983209216,0.630368983209216,0.630368983209216,0.630368983209216,0.620746539411217
high school algebra,0.36999791489085254,0.36706665290251245,0.44140052543857466,0.4276288759729955,0.3337019792104695,0.3574865081694665,0.3489719207448969,0.35761183625127013,0.4908884705667542,0.6015293017011677,0.2505075917015178,0.20984342974029793,0.40894340440872,0.48154930196147566,0.44623097226118935,0.3858242893259123,0.4554242386277171,0.32543417736512226,0.31820556862573635,0.18182301121434216,0.35364521572079655,0.4069887846039743,0.32024292127610515,0.5022875567846725,0.34779170511489205,0.5057480258944265,0.4103481558222392,0.1256337895721527,0.23553626958175766,0.2748284244749465,0.5607169070999802,0.5455592054816306,0.3464415389750672,0.19954629286925912,0.5645470118242394,0.4926771078229775,0.5347696599132582,0.3018613900191416,0.33560439365102906,0.18221908696321334,0.5462358379153139,0.5887223654881876,0.549081480999295,0.5579409018043399,0.5579409018043399,0.5620798404161319,0.5620798404161319,0.5620798404161319,0.5620798404161319,0.5620798404161319,0.5620798404161319,0.5620798404161319,0.5620798404161319,0.5206906683569765,0.5206906683569765,0.5206906683569765,0.5206906683569765,0.47045389591077996,0.4490908206756736,0.4490908206756736,0.4490908206756736,0.4490908206756736,0.5511030844040423,0.5511030844040423,0.5511030844040423,0.5511030844040423,0.5929759350898587,0.5929759350898587,0.5929759350898587,0.5929759350898587,0.4349639642382931,0.4349639642382931,0.4349639642382931,0.4349639642382931,0.4349639642382931,0.4349639642382931,0.4689158442480731,0.4689158442480731,0.4689158442480731,0.5848474524306533,0.5848474524306533,0.5848474524306533,0.5848474524306533,0.5848474524306533,0.5848474524306533,0.549081480999295
"Divide and Conquer, Sorting and Searching, and Randomized Algorithms",0.2731551037620785,0.5880410022244018,0.25214925393472987,0.2787585008058239,0.47273967440548764,0.46877106820096387,0.4552726371979464,0.12152260064777495,0.2034855195112688,0.23265285801243454,0.1335991234132522,0.04432323983039388,0.5745352008844824,0.3897051650561728,0.28662790293654694,0.4272088483083144,0.3812237770995087,0.33530487330311276,0.21178504968208595,1.0,0.6591327723317147,0.6859309408764613,0.45891037492846193,0.22907791019856155,0.31284861759305865,0.3128346623864354,0.5697244921689278,0.5418645567597111,0.5763526851244222,0.1920587049038444,0.19573786853965974,0.17666955006575272,0.26867993185021694,0.7648831915798903,0.30697019407717385,0.23717078058571353,0.2646512158080908,0.09380586233678559,0.26472891628519957,0.20895322089770277,0.2007964440262174,0.22652917381517385,0.27914640111763045,0.13445602217121283,0.13445602217121283,0.23031020750551592,0.23031020750551592,0.23031020750551592,0.23031020750551592,0.23031020750551592,0.23031020750551592,0.23031020750551592,0.23031020750551592,0.2324537624484218,0.2324537624484218,0.2324537624484218,0.2324537624484218,0.21270326421249616,0.2375880187213233,0.2375880187213233,0.2375880187213233,0.2375880187213233,0.21071152288709527,0.21071152288709527,0.21071152288709527,0.21071152288709527,0.20985541595367818,0.20985541595367818,0.20985541595367818,0.20985541595367818,0.20106729376228388,0.20106729376228388,0.20106729376228388,0.20106729376228388,0.20106729376228388,0.20106729376228388,0.22349550096599569,0.22349550096599569,0.22349550096599569,0.25572255446578995,0.25572255446578995,0.25572255446578995,0.25572255446578995,0.25572255446578995,0.25572255446578995,0.27914640111763045
Python,0.15464365866357999,0.08671291301729558,0.37881065577125245,0.35907335402420726,0.26397806579984434,0.2963668261898873,0.2738016022423887,0.7467997347766162,0.2369947849090726,0.19034413358248256,0.25240754021967354,0.3029172204249945,0.1883647490520506,0.15929905857730184,0.14463340419164736,0.0362218708249701,0.12387463685356488,0.37503701931759553,0.5439817967410377,0.08930109466739551,0.22021317096167295,0.3476663381815591,0.24355072480358136,0.24960723296715234,0.21875797809050446,0.23401150057917966,0.14477772338787667,0.4076017700025534,0.17696779624859435,0.4259652594124563,0.26492366732558353,0.22461155094459528,0.342555048544354,0.25171453411471173,0.1032866929269628,0.18634598812891096,0.3553280393321264,0.05160318088478537,0.01539714848288636,-0.05303786128420908,0.33406066488940345,0.2465321868392835,0.24323559122202862,0.0071391197190763854,0.0071391197190763854,0.2944275512306827,0.2944275512306827,0.2944275512306827,0.2944275512306827,0.2944275512306827,0.2944275512306827,0.2944275512306827,0.2944275512306827,0.2104955919505009,0.2104955919505009,0.2104955919505009,0.2104955919505009,0.08334331724188458,0.11850972908511699,0.11850972908511699,0.11850972908511699,0.11850972908511699,0.20539717664527557,0.20539717664527557,0.20539717664527557,0.20539717664527557,0.20703529647217925,0.20703529647217925,0.20703529647217925,0.20703529647217925,0.2216560560843104,0.2216560560843104,0.2216560560843104,0.2216560560843104,0.2216560560843104,0.2216560560843104,0.14108151834386928,0.14108151834386928,0.14108151834386928,0.3927253476309301,0.3927253476309301,0.3927253476309301,0.3927253476309301,0.3927253476309301,0.3927253476309301,0.24323559122202862
 object-oriented programming,0.15464365866357999,0.08671291301729558,0.37881065577125245,0.35907335402420726,0.26397806579984434,0.2963668261898873,0.2738016022423887,0.7467997347766162,0.2369947849090726,0.19034413358248256,0.25240754021967354,0.3029172204249945,0.1883647490520506,0.15929905857730184,0.14463340419164736,0.0362218708249701,0.12387463685356488,0.37503701931759553,0.5439817967410377,0.08930109466739551,0.22021317096167295,0.3476663381815591,0.24355072480358136,0.24960723296715234,0.21875797809050446,0.23401150057917966,0.14477772338787667,0.4076017700025534,0.17696779624859435,0.4259652594124563,0.26492366732558353,0.22461155094459528,0.342555048544354,0.25171453411471173,0.1032866929269628,0.18634598812891096,0.3553280393321264,0.05160318088478537,0.01539714848288636,-0.05303786128420908,0.33406066488940345,0.2465321868392835,0.24323559122202862,0.0071391197190763854,0.0071391197190763854,0.2944275512306827,0.2944275512306827,0.2944275512306827,0.2944275512306827,0.2944275512306827,0.2944275512306827,0.2944275512306827,0.2944275512306827,0.2104955919505009,0.2104955919505009,0.2104955919505009,0.2104955919505009,0.08334331724188458,0.11850972908511699,0.11850972908511699,0.11850972908511699,0.11850972908511699,0.20539717664527557,0.20539717664527557,0.20539717664527557,0.20539717664527557,0.20703529647217925,0.20703529647217925,0.20703529647217925,0.20703529647217925,0.2216560560843104,0.2216560560843104,0.2216560560843104,0.2216560560843104,0.2216560560843104,0.2216560560843104,0.14108151834386928,0.14108151834386928,0.14108151834386928,0.3927253476309301,0.3927253476309301,0.3927253476309301,0.3927253476309301,0.3927253476309301,0.3927253476309301,0.24323559122202862
C-like programming language,0.17740922470022952,0.31937692029411835,0.4745045765976851,0.4851927345081552,0.3731876271880879,0.38087594488939147,0.36381039815242855,0.6442008823340021,0.24788435183363644,0.39244751272159367,0.34482764701557667,0.3096687297309815,0.32361608395768476,0.34616232288750276,0.3722706274454073,0.24819110050482865,0.3477594862879728,0.19494295143925064,0.554511944690863,0.11429315413106694,0.21579481572224898,0.30781619682259415,0.3685257573389414,0.40198502775341305,0.2834719857771317,0.38274070874660565,0.3908988320401649,0.21306331601349715,0.07246629725547583,0.11822843416718029,0.398923831558563,0.36138474061863934,0.3342220968381148,0.32064635796491503,0.3681602856598449,0.341169301112564,0.42929275622070284,0.1376963835260948,0.3198115033559,0.19146789216960758,0.4441781159336292,0.3323414860414667,0.45955507720371414,0.2722362499848631,0.2722362499848631,0.40769496501821995,0.40769496501821995,0.40769496501821995,0.40769496501821995,0.40769496501821995,0.40769496501821995,0.40769496501821995,0.40769496501821995,0.4131050658568369,0.4131050658568369,0.4131050658568369,0.4131050658568369,0.24337494644365554,0.2280651147975281,0.2280651147975281,0.2280651147975281,0.2280651147975281,0.32952571593343577,0.32952571593343577,0.32952571593343577,0.32952571593343577,0.4153641658715452,0.4153641658715452,0.4153641658715452,0.4153641658715452,0.34501601753688327,0.34501601753688327,0.34501601753688327,0.34501601753688327,0.34501601753688327,0.34501601753688327,0.263787431060653,0.263787431060653,0.263787431060653,0.43710292024685843,0.43710292024685843,0.43710292024685843,0.43710292024685843,0.43710292024685843,0.43710292024685843,0.45955507720371414
algebra,0.17490835198110327,0.08769253320429729,0.17214057539224184,0.1501062114642262,0.4221714608060412,0.4118020778782609,0.4537764838457506,0.13902069297517175,0.26807366184586,0.24721460923865987,0.5135783473497693,0.5053077188286716,0.34244074808086095,0.09847480118739105,0.15145435234049756,0.1358239512028591,0.16538650721421214,0.48071149575308264,0.4128488811443965,0.22717657574424405,0.3521955715325032,0.4319234860527801,0.14234576293665346,0.24829985138516641,0.2369410916481355,0.15154979552713138,0.08294845529486362,0.5187592846622116,0.5484272257637341,0.6691524103810256,0.263346720161408,0.25647361627743287,0.5315119943011962,0.17812424673968677,0.1521614662250503,0.1902707486193936,0.24658990602410374,0.3063835288355014,0.11383420531250855,0.09965475772743503,0.21894802771124508,0.24459993788341097,0.3069291090711704,0.31079675229989695,0.31079675229989695,0.21761302798711915,0.21761302798711915,0.21761302798711915,0.21761302798711915,0.21761302798711915,0.21761302798711915,0.21761302798711915,0.21761302798711915,0.22937948578075795,0.22937948578075795,0.22937948578075795,0.22937948578075795,0.30285944206902116,0.18652516792986917,0.18652516792986917,0.18652516792986917,0.18652516792986917,0.19620318293595204,0.19620318293595204,0.19620318293595204,0.19620318293595204,0.2437570946476528,0.2437570946476528,0.2437570946476528,0.2437570946476528,0.2414379148049449,0.2414379148049449,0.2414379148049449,0.2414379148049449,0.2414379148049449,0.2414379148049449,0.25452683375629603,0.25452683375629603,0.25452683375629603,0.1942013120210024,0.1942013120210024,0.1942013120210024,0.1942013120210024,0.1942013120210024,0.1942013120210024,0.3069291090711704
 probability,0.17490835198110327,0.08769253320429729,0.17214057539224184,0.1501062114642262,0.4221714608060412,0.4118020778782609,0.4537764838457506,0.13902069297517175,0.26807366184586,0.24721460923865987,0.5135783473497693,0.5053077188286716,0.34244074808086095,0.09847480118739105,0.15145435234049756,0.1358239512028591,0.16538650721421214,0.48071149575308264,0.4128488811443965,0.22717657574424405,0.3521955715325032,0.4319234860527801,0.14234576293665346,0.24829985138516641,0.2369410916481355,0.15154979552713138,0.08294845529486362,0.5187592846622116,0.5484272257637341,0.6691524103810256,0.263346720161408,0.25647361627743287,0.5315119943011962,0.17812424673968677,0.1521614662250503,0.1902707486193936,0.24658990602410374,0.3063835288355014,0.11383420531250855,0.09965475772743503,0.21894802771124508,0.24459993788341097,0.3069291090711704,0.31079675229989695,0.31079675229989695,0.21761302798711915,0.21761302798711915,0.21761302798711915,0.21761302798711915,0.21761302798711915,0.21761302798711915,0.21761302798711915,0.21761302798711915,0.22937948578075795,0.22937948578075795,0.22937948578075795,0.22937948578075795,0.30285944206902116,0.18652516792986917,0.18652516792986917,0.18652516792986917,0.18652516792986917,0.19620318293595204,0.19620318293595204,0.19620318293595204,0.19620318293595204,0.2437570946476528,0.2437570946476528,0.2437570946476528,0.2437570946476528,0.2414379148049449,0.2414379148049449,0.2414379148049449,0.2414379148049449,0.2414379148049449,0.2414379148049449,0.25452683375629603,0.25452683375629603,0.25452683375629603,0.1942013120210024,0.1942013120210024,0.1942013120210024,0.1942013120210024,0.1942013120210024,0.1942013120210024,0.3069291090711704
 basic CS,0.17490835198110327,0.08769253320429729,0.17214057539224184,0.1501062114642262,0.4221714608060412,0.4118020778782609,0.4537764838457506,0.13902069297517175,0.26807366184586,0.24721460923865987,0.5135783473497693,0.5053077188286716,0.34244074808086095,0.09847480118739105,0.15145435234049756,0.1358239512028591,0.16538650721421214,0.48071149575308264,0.4128488811443965,0.22717657574424405,0.3521955715325032,0.4319234860527801,0.14234576293665346,0.24829985138516641,0.2369410916481355,0.15154979552713138,0.08294845529486362,0.5187592846622116,0.5484272257637341,0.6691524103810256,0.263346720161408,0.25647361627743287,0.5315119943011962,0.17812424673968677,0.1521614662250503,0.1902707486193936,0.24658990602410374,0.3063835288355014,0.11383420531250855,0.09965475772743503,0.21894802771124508,0.24459993788341097,0.3069291090711704,0.31079675229989695,0.31079675229989695,0.21761302798711915,0.21761302798711915,0.21761302798711915,0.21761302798711915,0.21761302798711915,0.21761302798711915,0.21761302798711915,0.21761302798711915,0.22937948578075795,0.22937948578075795,0.22937948578075795,0.22937948578075795,0.30285944206902116,0.18652516792986917,0.18652516792986917,0.18652516792986917,0.18652516792986917,0.19620318293595204,0.19620318293595204,0.19620318293595204,0.19620318293595204,0.2437570946476528,0.2437570946476528,0.2437570946476528,0.2437570946476528,0.2414379148049449,0.2414379148049449,0.2414379148049449,0.2414379148049449,0.2414379148049449,0.2414379148049449,0.25452683375629603,0.25452683375629603,0.25452683375629603,0.1942013120210024,0.1942013120210024,0.1942013120210024,0.1942013120210024,0.1942013120210024,0.1942013120210024,0.3069291090711704
"Greedy Algorithms, Minimum Spanning Trees, and Dynamic Programming",0.3178369389098266,0.5651003326747487,0.4840407759034279,0.4935700605399503,0.7573185074007627,0.7801632861065317,0.740270896004634,0.3805087500874036,0.5566227651401319,0.5293766004538516,0.28016913701207175,0.2303040038504827,0.6745656217016481,0.5728628110821005,0.5435743974662045,0.5514862568584712,0.6214966014787591,0.6788553479507808,0.5788068542061644,0.6859309408764613,0.8237301457066553,1.0,0.6226669882919059,0.6016766698223793,0.6012737031930803,0.6178337813527806,0.7169494663991982,0.6146006800123857,0.6883444496135255,0.5004043531022301,0.5568751057162618,0.562445051918689,0.4943980699177945,0.6955166258393118,0.622323644248653,0.6307542989721222,0.5577024046481042,0.3040238523266493,0.2016562491417457,0.22444529698827959,0.5091665767919297,0.5267180951353796,0.5318326492579724,0.410234725272986,0.410234725272986,0.5321872267013871,0.5321872267013871,0.5321872267013871,0.5321872267013871,0.5321872267013871,0.5321872267013871,0.5321872267013871,0.5321872267013871,0.5112094074097907,0.5112094074097907,0.5112094074097907,0.5112094074097907,0.5795067665819009,0.5157277230005471,0.5157277230005471,0.5157277230005471,0.5157277230005471,0.45171324819462516,0.45171324819462516,0.45171324819462516,0.45171324819462516,0.5059180408712409,0.5059180408712409,0.5059180408712409,0.5059180408712409,0.5396776957701104,0.5396776957701104,0.5396776957701104,0.5396776957701104,0.5396776957701104,0.5396776957701104,0.5456715084841247,0.5456715084841247,0.5456715084841247,0.615110114303101,0.615110114303101,0.615110114303101,0.615110114303101,0.615110114303101,0.615110114303101,0.5318326492579724
Calculus 1C,0.2671467086677776,0.3363769003435312,0.18468987942822362,0.1920654533337498,0.36955708837997575,0.26326755349880626,0.36996552418996187,0.2121900289890217,0.35305304716041264,0.4579243897764901,0.7430399270426051,0.7338648221133204,0.47050071739989113,0.30087551250813166,0.4333153392008982,0.20695484848975762,0.3273335117363958,0.24557645785637555,0.3743119383387636,0.10045854221015259,0.18820452280778766,0.3200957318092542,0.1324004633477672,0.4806933110165445,0.3187348393638679,0.278543355663138,0.14353721737452607,0.25082909211267235,0.13686751191340854,0.24731759586225177,0.6435630177511634,0.4006331963634451,0.45014078635106386,0.05018530768294338,0.3121218541108132,0.22119220797699304,0.5699579913591034,0.36291943325815373,0.55063829045672,0.30156901865917024,0.5958427658838686,0.5098325764454721,0.5705287691838865,0.4797761385881444,0.4797761385881444,0.6149760556707738,0.6149760556707738,0.6149760556707738,0.6149760556707738,0.6149760556707738,0.6149760556707738,0.6149760556707738,0.6149760556707738,0.5516846152179369,0.5516846152179369,0.5516846152179369,0.5516846152179369,0.4615716705719486,0.2711538749097151,0.2711538749097151,0.2711538749097151,0.2711538749097151,0.5749381635953291,0.5749381635953291,0.5749381635953291,0.5749381635953291,0.5663165085784496,0.5663165085784496,0.5663165085784496,0.5663165085784496,0.3228481967920202,0.3228481967920202,0.3228481967920202,0.3228481967920202,0.3228481967920202,0.3228481967920202,0.33822297792518613,0.33822297792518613,0.33822297792518613,0.5234045370876499,0.5234045370876499,0.5234045370876499,0.5234045370876499,0.5234045370876499,0.5234045370876499,0.5705287691838865
core programming,0.2955264765827595,0.41489733115764366,0.45157210426950695,0.49444585452542456,0.5001600188101804,0.5140641692478436,0.5403672040019734,0.5160780187765467,0.5717868010945544,0.6187591603397167,0.3553074379690921,0.3417853372742712,0.4341390442017108,0.4795987443904006,0.4841268669499337,0.3435423564293949,0.44953059372172605,0.534048700322795,0.5479855065766415,0.23786176050724084,0.40790529228398703,0.46337630987349054,0.30612060713895517,0.5788684419385562,0.486771855021198,0.5217085749987946,0.40154218654884877,0.3113473205465203,0.2950597676558439,0.474336472154868,0.688383987447897,0.5745142099357393,0.5354008670290953,0.21657958691104087,0.5065358870406947,0.5166987557892224,0.7186651433062541,0.23292634345190444,0.39893522139133514,0.19646881735571672,0.694415463829277,0.6637309973210043,0.5950794148391194,0.45773863746640214,0.45773863746640214,0.7653634622443641,0.7653634622443641,0.7653634622443641,0.7653634622443641,0.7653634622443641,0.7653634622443641,0.7653634622443641,0.7653634622443641,0.6824182537163251,0.6824182537163251,0.6824182537163251,0.6824182537163251,0.4958449089959818,0.5605216321473344,0.5605216321473344,0.5605216321473344,0.5605216321473344,0.6126177956980187,0.6126177956980187,0.6126177956980187,0.6126177956980187,0.6750454553542018,0.6750454553542018,0.6750454553542018,0.6750454553542018,0.5684392671356681,0.5684392671356681,0.5684392671356681,0.5684392671356681,0.5684392671356681,0.5684392671356681,0.5520952237425554,0.5520952237425554,0.5520952237425554,0.7045087506011855,0.7045087506011855,0.7045087506011855,0.7045087506011855,0.7045087506011855,0.7045087506011855,0.5950794148391194
"Programming Languages, Part A",0.2220329544634646,0.46989199290911193,0.49508383229488295,0.5417546478642765,1.0,0.9717064951718981,0.9733852803593229,0.3207711971789791,0.5976100712284691,0.6231426528601105,0.3931125093861996,0.3482192893604316,0.6980498222582543,0.5467593354916125,0.5030151132113185,0.5346158078511752,0.6563029192166637,0.6839395311083427,0.6090967395212831,0.47273967440548764,0.7462271289805343,0.7573185074007627,0.5791370729353316,0.6274664489888527,0.5406565149196705,0.5168096680089083,0.5939545754757575,0.48154665446478573,0.651239241356451,0.5765720323373111,0.6395649919054407,0.6154316833780152,0.5962825217166031,0.5402992181655044,0.6493688375959329,0.6951449791155928,0.5033171587814927,0.32765292076826286,0.28585685045601866,0.18577041770990085,0.5128509420403635,0.5617535133334975,0.5466417306642742,0.539308882775177,0.539308882775177,0.5981613564205461,0.5981613564205461,0.5981613564205461,0.5981613564205461,0.5981613564205461,0.5981613564205461,0.5981613564205461,0.5981613564205461,0.6450037466799214,0.6450037466799214,0.6450037466799214,0.6450037466799214,0.6267224795231209,0.6470375407996353,0.6470375407996353,0.6470375407996353,0.6470375407996353,0.514390479368242,0.514390479368242,0.514390479368242,0.514390479368242,0.5973681745648336,0.5973681745648336,0.5973681745648336,0.5973681745648336,0.6468373478724755,0.6468373478724755,0.6468373478724755,0.6468373478724755,0.6468373478724755,0.6468373478724755,0.6292930934296393,0.6292930934296393,0.6292930934296393,0.5257730350866747,0.5257730350866747,0.5257730350866747,0.5257730350866747,0.5257730350866747,0.5257730350866747,0.5466417306642742
Design Patterns,0.28724525714022847,0.4253744556753496,0.54226129689873,0.5923213405474825,0.5976100712284691,0.6097505318097257,0.611061125172907,0.4286482568505942,1.0,0.7996168026380619,0.3355686142413199,0.33337342446345475,0.5032454069616595,0.5535461766097208,0.39970402806739136,0.439343675229482,0.5917761854558432,0.700077878748853,0.5379599242467233,0.2034855195112688,0.5399568209164599,0.5566227651401319,0.4602052220815626,0.796587357767984,0.5550740815258246,0.6762593194117006,0.4974657524717294,0.3921244558221886,0.45177107028826646,0.6201724703980845,0.7497707781762599,0.7971485447663542,0.6338355076701077,0.2477636186706335,0.6369910741043098,0.7665219465189188,0.6629970350036047,0.5541242796972387,0.370908769794327,0.2538695920863257,0.70079748190503,0.8070171943250503,0.6417630938665081,0.5805195210584277,0.5805195210584277,0.7166280531945654,0.7166280531945654,0.7166280531945654,0.7166280531945654,0.7166280531945654,0.7166280531945654,0.7166280531945654,0.7166280531945654,0.73592666089631,0.73592666089631,0.73592666089631,0.73592666089631,0.7402406084215071,0.7586202872797676,0.7586202872797676,0.7586202872797676,0.7586202872797676,0.6995238697060956,0.6995238697060956,0.6995238697060956,0.6995238697060956,0.7275204207724096,0.7275204207724096,0.7275204207724096,0.7275204207724096,0.7568454847625584,0.7568454847625584,0.7568454847625584,0.7568454847625584,0.7568454847625584,0.7568454847625584,0.7703007491384253,0.7703007491384253,0.7703007491384253,0.6327257505116325,0.6327257505116325,0.6327257505116325,0.6327257505116325,0.6327257505116325,0.6327257505116325,0.6417630938665081
Calculus 1A,0.2313650682303676,0.26256075841438875,0.1955906093755953,0.1874758633258678,0.3124606633452726,0.20363647957366615,0.3166835306396437,0.14478832167165204,0.2886350783075196,0.3960230318894535,0.760565310168238,0.7085373492350718,0.4579232560327606,0.28446699523516683,0.4659808471934384,0.23065849574773406,0.3334296753966337,0.2607649887628412,0.33312786891711377,0.03902521924427052,0.10391971207341842,0.25649472234200843,0.10905981729235015,0.45561474569611626,0.3086049786984585,0.23049125329715314,0.12923483221777018,0.24095703779049962,0.23891279396815354,0.31628525542357244,0.547305853669349,0.4047433942878384,0.381925846144777,-0.018361076499724727,0.3240488260455468,0.2065966662840204,0.44051273994318696,0.360750158233167,0.48043630710317387,0.24556854598206426,0.4680820412315663,0.397179884558589,0.5308012598674754,0.5300022083131668,0.5300022083131668,0.5631223221600636,0.5631223221600636,0.5631223221600636,0.5631223221600636,0.5631223221600636,0.5631223221600636,0.5631223221600636,0.5631223221600636,0.5553201365688076,0.5553201365688076,0.5553201365688076,0.5553201365688076,0.4624165694404589,0.3457510239430512,0.3457510239430512,0.3457510239430512,0.3457510239430512,0.5216421013056519,0.5216421013056519,0.5216421013056519,0.5216421013056519,0.5338995821462145,0.5338995821462145,0.5338995821462145,0.5338995821462145,0.34562120735133156,0.34562120735133156,0.34562120735133156,0.34562120735133156,0.34562120735133156,0.34562120735133156,0.39127412990369226,0.39127412990369226,0.39127412990369226,0.4390874781455004,0.4390874781455004,0.4390874781455004,0.4390874781455004,0.4390874781455004,0.4390874781455004,0.5308012598674754
linear algebra,0.35713873317922384,0.3512712521818896,0.37192638709273995,0.34400776590927123,0.3847699003269834,0.35862531467745223,0.41518253972867997,0.12488158251815112,0.40305466187709643,0.5234208824944007,0.39770612811740774,0.26752400657715414,0.39370977624758935,0.4276629861196273,0.35044495619827576,0.3861895546032287,0.41232432155607784,0.2556469417776864,0.2355489393813065,0.22982677285121458,0.2842344789466549,0.4020579864591043,0.3087077515753642,0.3291284011640518,0.3614866378933601,0.32329342548936935,0.29859926449660057,0.200679356346981,0.38791334403187705,0.37772659633370076,0.3697032358143371,0.41415712943550403,0.2784189174622163,0.21471614107362882,0.4488797909086603,0.35972598915178644,0.38670833369988755,0.484924911211414,0.42140303743479574,0.3288985542169861,0.2888066701942346,0.363625558896418,0.48313891534496173,0.5581678736652799,0.5581678736652799,0.36795591952823176,0.36795591952823176,0.36795591952823176,0.36795591952823176,0.36795591952823176,0.36795591952823176,0.36795591952823176,0.36795591952823176,0.43052384212768074,0.43052384212768074,0.43052384212768074,0.43052384212768074,0.5299063396042858,0.3799127361903653,0.3799127361903653,0.3799127361903653,0.3799127361903653,0.34979466599211073,0.34979466599211073,0.34979466599211073,0.34979466599211073,0.4191218582034598,0.4191218582034598,0.4191218582034598,0.4191218582034598,0.3316747771447395,0.3316747771447395,0.3316747771447395,0.3316747771447395,0.3316747771447395,0.3316747771447395,0.4773160172935194,0.4773160172935194,0.4773160172935194,0.3895357211845606,0.3895357211845606,0.3895357211845606,0.3895357211845606,0.3895357211845606,0.3895357211845606,0.48313891534496173
How to Code: Simple Data,0.3478861394140931,0.349116976251574,0.7476671084955557,0.7121218439237016,0.4800578276396705,0.4809283765190163,0.5198336935428757,0.2114986835399141,0.5171709500941241,0.5473277015818909,0.5090375039320785,0.49715587875680395,0.41195187007307765,0.37641839259229487,0.3017219367119605,0.42568216095752875,0.4863822139757865,0.5746462788417048,0.4754461407744026,0.21926497859731842,0.32577912414645327,0.42167849271529856,0.41152741840584195,0.45955090327455606,0.3471295518634978,0.3373533449366843,0.261168574639859,0.4416395683523259,0.4683450652420509,0.6347951655130094,0.5271398103012909,0.5170220710559332,0.6095950092790589,0.18991401734024305,0.42054108005627855,0.4109884327224585,0.40616951383949834,0.41347357641041443,0.5022955035003827,0.2070233332807543,0.48417224638586004,0.5441159470899424,0.5106764425923238,0.375521842396559,0.375521842396559,0.49733184546709924,0.49733184546709924,0.49733184546709924,0.49733184546709924,0.49733184546709924,0.49733184546709924,0.49733184546709924,0.49733184546709924,0.49055640012713486,0.49055640012713486,0.49055640012713486,0.49055640012713486,0.4593869847383004,0.47408145874802904,0.47408145874802904,0.47408145874802904,0.47408145874802904,0.4375507549758318,0.4375507549758318,0.4375507549758318,0.4375507549758318,0.48956181570468443,0.48956181570468443,0.48956181570468443,0.48956181570468443,0.4785122193255594,0.4785122193255594,0.4785122193255594,0.4785122193255594,0.4785122193255594,0.4785122193255594,0.5299593931043426,0.5299593931043426,0.5299593931043426,0.4106019927794925,0.4106019927794925,0.4106019927794925,0.4106019927794925,0.4106019927794925,0.4106019927794925,0.5106764425923238
high school math,0.4039729694783748,0.42030833786548466,0.4153237568857125,0.4339748803121422,0.33079819844361635,0.3452300094311268,0.33469734903696186,0.475065733852635,0.47191179353451007,0.601750352231,0.2679957652548381,0.2708954329620027,0.39764594639168804,0.497920491594702,0.43456629757056525,0.40110370717309785,0.48488650228998875,0.40213539714791346,0.40865781467722895,0.16954627681469536,0.36183577748844886,0.40170724583871054,0.26815569362811437,0.5314903598248151,0.3450619869393428,0.5263280392458579,0.4392933558338752,0.1940675718117654,0.18819748095126607,0.24015289675847537,0.6012683455165544,0.45966557457849244,0.46888309339153517,0.21962403259338503,0.587412513187161,0.4813913044591359,0.5410879957454221,0.14987996128961417,0.3778896570114628,0.1621144058577067,0.670472801091261,0.6293827944094647,0.5537581426825896,0.4744464129365945,0.4744464129365945,0.6120539283596987,0.6120539283596987,0.6120539283596987,0.6120539283596987,0.6120539283596987,0.6120539283596987,0.6120539283596987,0.6120539283596987,0.6168222959404068,0.6168222959404068,0.6168222959404068,0.6168222959404068,0.32305320328810744,0.45221018611268105,0.45221018611268105,0.45221018611268105,0.45221018611268105,0.5923889100107886,0.5923889100107886,0.5923889100107886,0.5923889100107886,0.5967990974429176,0.5967990974429176,0.5967990974429176,0.5967990974429176,0.41732419733498133,0.41732419733498133,0.41732419733498133,0.41732419733498133,0.41732419733498133,0.41732419733498133,0.3988287012220675,0.3988287012220675,0.3988287012220675,0.5964461297994822,0.5964461297994822,0.5964461297994822,0.5964461297994822,0.5964461297994822,0.5964461297994822,0.5537581426825896
Calculus 1B,0.24949390827317522,0.2752758363930151,0.25680175428603885,0.26189154764688255,0.3735798161642924,0.2878921715999514,0.36768645822242374,0.3122060391264487,0.3827551610540846,0.4255187891181992,0.698510517265997,0.7618598006821042,0.4480887474191834,0.2972016956337661,0.41829688255531877,0.20428361955282318,0.3360402335810857,0.3731346075555649,0.3935657466363979,0.058020457694517275,0.1914931389294344,0.3432170389992769,0.15603379920427823,0.535695432523945,0.39402543984051536,0.3180026032659327,0.16180182506977717,0.28167415690539455,0.21453874171247336,0.3655908553515508,0.6356005330423721,0.4436900267289829,0.42610248335358714,0.024900786009681923,0.33559803352427103,0.27178812013826786,0.5144848679299006,0.3585953757999704,0.4533549184181637,0.16968494289054778,0.5224836329078661,0.45229684831813943,0.6160600869213555,0.41859233846055677,0.41859233846055677,0.6088542399696889,0.6088542399696889,0.6088542399696889,0.6088542399696889,0.6088542399696889,0.6088542399696889,0.6088542399696889,0.6088542399696889,0.5645898425402047,0.5645898425402047,0.5645898425402047,0.5645898425402047,0.44517051291627546,0.3624577101193905,0.3624577101193905,0.3624577101193905,0.3624577101193905,0.5277266525380608,0.5277266525380608,0.5277266525380608,0.5277266525380608,0.5492712943389777,0.5492712943389777,0.5492712943389777,0.5492712943389777,0.4210623164867043,0.4210623164867043,0.4210623164867043,0.4210623164867043,0.4210623164867043,0.4210623164867043,0.42015366477447585,0.42015366477447585,0.42015366477447585,0.5176042907907519,0.5176042907907519,0.5176042907907519,0.5176042907907519,0.5176042907907519,0.5176042907907519,0.6160600869213555
How to Code (Hear instructor),0.20507825381388506,0.32221000366134245,0.6445634936030237,0.5944617492220289,0.3304512305505179,0.34550581065768077,0.35191246627343253,0.2585035422045201,0.2918103539266135,0.35730133791865276,0.2539033346245995,0.23276094040833237,0.24913095474426963,0.25548869492924886,0.22082478975938763,0.3236702280593444,0.32952078142226865,0.29856454574585484,0.3724456330327212,0.3139650832873957,0.26681879929343516,0.34838540485958247,0.40372266846760313,0.22325941150322412,0.19899781621340337,0.30513410439426186,0.2813158952354825,0.33772818620846706,0.3061443719047338,0.28308002165863555,0.278427668573426,0.24297272566937764,0.46697052205499023,0.3207710543031981,0.24309584606332788,0.23008226619314578,0.2691756801814483,0.14557640028188307,0.37298185935699624,0.3247359037204632,0.36394043945180676,0.3709630200563634,0.23852242914627556,0.16349385612376452,0.16349385612376452,0.25204131074163577,0.25204131074163577,0.25204131074163577,0.25204131074163577,0.25204131074163577,0.25204131074163577,0.25204131074163577,0.25204131074163577,0.23953954199464836,0.23953954199464836,0.23953954199464836,0.23953954199464836,0.16168776023941359,0.1885064003049297,0.1885064003049297,0.1885064003049297,0.1885064003049297,0.19625677643784853,0.19625677643784853,0.19625677643784853,0.19625677643784853,0.26735987528582883,0.26735987528582883,0.26735987528582883,0.26735987528582883,0.17021192927034948,0.17021192927034948,0.17021192927034948,0.17021192927034948,0.17021192927034948,0.17021192927034948,0.193052943228202,0.193052943228202,0.193052943228202,0.21160315067081217,0.21160315067081217,0.21160315067081217,0.21160315067081217,0.21160315067081217,0.21160315067081217,0.23852242914627556
